seed,h2,rho,method,time,r2_y,r2_g,rho_hat,r_hat
1,0.1,1.0,BRR (pooled),2.374802827835083,0.02580982219953905,0.3263847321389978,,
1,0.1,1.0,BRR (per cohort),5.619962215423584,-0.006981932187517775,0.029842692767359184,,
1,0.1,1.0,metaBRR,23.5458562374115,0.02501038163143109,0.320699434112839,0.7533799109985823,1.7984861984637804e-05
1,0.1,1.0,metaBRR (shared β0),23.5458562374115,0.025680909340795588,0.32628387819981525,,
2,0.1,0.9,BRR (pooled),2.55538272857666,0.016306450137468804,0.2757369192420075,,
2,0.1,0.9,BRR (per cohort),5.757387638092041,-0.005456399226485803,0.03520444365113936,,
2,0.1,0.9,metaBRR,23.784583568572998,0.016191145001685014,0.2755513399810839,0.8317847550373954,9.775033499269282e-06
2,0.1,0.9,metaBRR (shared β0),23.784583568572998,0.016413504961153413,0.2758054761830751,,
3,0.1,0.75,BRR (pooled),2.564135789871216,0.020484848235623992,0.21430881603794374,,
3,0.1,0.75,BRR (per cohort),5.670348405838013,0.001622000342934175,0.04846339425505968,,
3,0.1,0.75,metaBRR,25.369236946105957,0.02052530457278895,0.21479740193716354,0.9702500936687858,1.498642486673738e-06
3,0.1,0.75,metaBRR (shared β0),25.369236946105957,0.02048762947596557,0.21429718438383827,,
4,0.1,0.5,BRR (pooled),3.489060640335083,0.013337912249185568,0.12834844285597355,,
4,0.1,0.5,BRR (per cohort),6.022357940673828,0.00011532873409541196,0.04594840766726623,,
4,0.1,0.5,metaBRR,24.885645151138306,0.013889596322956702,0.13757482510931193,0.610038504746184,1.888745950131347e-05
4,0.1,0.5,metaBRR (shared β0),24.885645151138306,0.013263474974927886,0.1288719196967915,,
5,0.1,0.25,BRR (pooled),2.8517048358917236,-0.0005130096644605971,0.04220888859153257,,
5,0.1,0.25,BRR (per cohort),5.551733732223511,-0.0025260594104689247,0.0375651880319983,,
5,0.1,0.25,metaBRR,22.54451632499695,0.001211175635355564,0.06067006457130326,0.22103183092440012,3.3155361550669425e-05
5,0.1,0.25,metaBRR (shared β0),22.54451632499695,-0.0007896753919638769,0.04236202805173972,,
6,0.1,0.0,BRR (pooled),3.2771337032318115,-0.003910456657900158,0.005412238608663091,,
6,0.1,0.0,BRR (per cohort),5.619689226150513,-0.000966515816130803,0.04473242130422846,,
6,0.1,0.0,metaBRR,23.61430025100708,-0.0011052027890890899,0.04445822637460819,0.02499290930703543,7.12689278315235e-05
6,0.1,0.0,metaBRR (shared β0),23.61430025100708,-0.003765695310740234,0.0056235190696032914,,
7,0.25,1.0,BRR (pooled),2.518571615219116,0.145707836079323,0.5836038708172745,,
7,0.25,1.0,BRR (per cohort),5.490735054016113,0.018799650777093595,0.08621696601713247,,
7,0.25,1.0,metaBRR,22.646780967712402,0.14567285711509784,0.5831337702741725,0.951410330427041,8.438603271697318e-06
7,0.25,1.0,metaBRR (shared β0),22.646780967712402,0.1456231332726893,0.5835171809011614,,
8,0.25,0.9,BRR (pooled),2.4752750396728516,0.1326832496845756,0.5142212095853248,,
8,0.25,0.9,BRR (per cohort),5.425216197967529,0.018266794564880395,0.09749612028090683,,
8,0.25,0.9,metaBRR,24.896968364715576,0.13247946184609752,0.5132424088231725,0.8178703599770961,3.645361449397454e-05
8,0.25,0.9,metaBRR (shared β0),24.896968364715576,0.13251090961259818,0.5142640834972063,,
9,0.25,0.75,BRR (pooled),2.476346254348755,0.09569292828004772,0.4141260670217692,,
9,0.25,0.75,BRR (per cohort),5.354671001434326,0.01736847129349749,0.10553636925069924,,
9,0.25,0.75,metaBRR,24.91364574432373,0.09639026005198692,0.421327590398546,0.6995443978798451,5.306524427053917e-05
9,0.25,0.75,metaBRR (shared β0),24.91364574432373,0.09510437152292615,0.4132648840581215,,
10,0.25,0.5,BRR (pooled),2.4595725536346436,0.053759721316670374,0.22984554383615027,,
10,0.25,0.5,BRR (per cohort),5.329525709152222,0.020195224344580282,0.10677985229487184,,
10,0.25,0.5,metaBRR,23.917157888412476,0.062189143725141276,0.2589579931548969,0.4298632768447133,0.00011252074116580972
10,0.25,0.5,metaBRR (shared β0),23.917157888412476,0.05414271626056357,0.23192131472579658,,
11,0.25,0.25,BRR (pooled),2.5523929595947266,0.021094868937148948,0.0809039260240333,,
11,0.25,0.25,BRR (per cohort),5.538385391235352,0.015960980286370146,0.09243385760732092,,
11,0.25,0.25,metaBRR,23.67475414276123,0.03343234939295211,0.1314013650012187,0.28681129337076483,0.00010059964323223133
11,0.25,0.25,metaBRR (shared β0),23.67475414276123,0.02026073132632634,0.08241129162575217,,
12,0.25,0.0,BRR (pooled),3.0268352031707764,0.000457478015821966,0.011887420090132847,,
12,0.25,0.0,BRR (per cohort),5.34531044960022,0.022042032865795796,0.10844850739000154,,
12,0.25,0.0,metaBRR,22.619736909866333,0.02214527818836216,0.10808032294429233,0.020622408041199095,0.00014766187609624882
12,0.25,0.0,metaBRR (shared β0),22.619736909866333,-0.0009280362944045403,0.012382467464496826,,
13,0.5,1.0,BRR (pooled),2.5209264755249023,0.4068530216934134,0.8131383479321338,,
13,0.5,1.0,BRR (per cohort),5.322650671005249,0.10053569349938452,0.1979166259547779,,
13,0.5,1.0,metaBRR,12.968506574630737,0.40685302748352675,0.8131383475526491,1.0,0.0
13,0.5,1.0,metaBRR (shared β0),12.968506574630737,0.40685302748352675,0.8131383475526491,,
14,0.5,0.9,BRR (pooled),2.4138426780700684,0.3631997643255224,0.7048308006545972,,
14,0.5,0.9,BRR (per cohort),5.250516891479492,0.08993402132598059,0.18888023657594807,,
14,0.5,0.9,metaBRR,24.765348196029663,0.36452167699758115,0.7074242220087491,0.8873168756031008,6.127046848099697e-05
14,0.5,0.9,metaBRR (shared β0),24.765348196029663,0.36424986777169416,0.7059829922825765,,
15,0.5,0.75,BRR (pooled),2.3991262912750244,0.2739030446213597,0.5692773863822033,,
15,0.5,0.75,BRR (per cohort),5.217844247817993,0.09645008381933501,0.1889395437277703,,
15,0.5,0.75,metaBRR,21.710259437561035,0.28246510755199294,0.582666098217303,0.76737792572675,0.00012141100582837791
15,0.5,0.75,metaBRR (shared β0),21.710259437561035,0.2739317552526049,0.5688589207607694,,
16,0.5,0.5,BRR (pooled),2.4459118843078613,0.18068552634322352,0.35706725571233006,,
16,0.5,0.5,BRR (per cohort),5.489595413208008,0.08684381472324731,0.18414406735944552,,
16,0.5,0.5,metaBRR,21.704857110977173,0.21075995216900037,0.41373025619973397,0.46771547047327655,0.0002802127077436141
16,0.5,0.5,metaBRR (shared β0),21.704857110977173,0.18314025199074044,0.36525057206511197,,
17,0.5,0.25,BRR (pooled),2.513270854949951,0.06945573517308888,0.1459596138852112,,
17,0.5,0.25,BRR (per cohort),5.287853002548218,0.10577369516322566,0.21230680574672448,,
17,0.5,0.25,metaBRR,25.011428356170654,0.13892710757410967,0.27480634516587343,0.22918896643607406,0.00037736076852227845
17,0.5,0.25,metaBRR (shared β0),25.011428356170654,0.06732024471893537,0.15145855632539437,,
18,0.5,0.0,BRR (pooled),2.7168948650360107,0.007791523028734639,0.017046342092977708,,
18,0.5,0.0,BRR (per cohort),5.5152246952056885,0.08703886295347386,0.19130195611578696,,
18,0.5,0.0,metaBRR,22.66087055206299,0.09053841362511457,0.19206837085773573,0.007048498362523182,0.0005044642828284298
18,0.5,0.0,metaBRR (shared β0),22.66087055206299,-0.0011600392338989203,0.018455319285824074,,
19,0.75,1.0,BRR (pooled),2.4498629570007324,0.6931865473924476,0.9260389125280409,,
19,0.75,1.0,BRR (per cohort),5.251562595367432,0.20400640946814153,0.27881208117118933,,
19,0.75,1.0,metaBRR,23.948838233947754,0.6930753641559951,0.9259175369673197,0.9839888551617738,2.5452266760926275e-05
19,0.75,1.0,metaBRR (shared β0),23.948838233947754,0.6932309550112201,0.9261203069725584,,
20,0.75,0.9,BRR (pooled),2.348087787628174,0.6042473102908823,0.8130779204022089,,
20,0.75,0.9,BRR (per cohort),5.454128980636597,0.20001963054826857,0.2763705594587567,,
20,0.75,0.9,metaBRR,21.591914415359497,0.6124215428552806,0.8240189868990838,0.8927491635990651,0.00016706076675768473
20,0.75,0.9,metaBRR (shared β0),21.591914415359497,0.6051904939673353,0.8148037783415946,,
21,0.75,0.75,BRR (pooled),2.3570961952209473,0.5071386777052805,0.6635681208031782,,
21,0.75,0.75,BRR (per cohort),5.270428657531738,0.2114277685553884,0.2815070769182076,,
21,0.75,0.75,metaBRR,22.59451651573181,0.535951418435367,0.702380981791483,0.7454131453630055,0.0003915457989811661
21,0.75,0.75,metaBRR (shared β0),22.59451651573181,0.5101540486916675,0.6701890454484979,,
22,0.75,0.5,BRR (pooled),2.3752129077911377,0.302928148250586,0.40174749438229823,,
22,0.75,0.5,BRR (per cohort),5.233253240585327,0.20974724416189602,0.28799145585495634,,
22,0.75,0.5,metaBRR,20.805457830429077,0.37976629494540587,0.5109090397012791,0.5019444979444432,0.0007749950791570862
22,0.75,0.5,metaBRR (shared β0),20.805457830429077,0.3082620973315053,0.410081831526955,,
23,0.75,0.25,BRR (pooled),2.4641621112823486,0.14755651172977863,0.19684100138050173,,
23,0.75,0.25,BRR (per cohort),5.562980651855469,0.21751125712973654,0.2993713691944287,,
23,0.75,0.25,metaBRR,20.77150797843933,0.28755421596789915,0.38716955228085465,0.24782939320534095,0.0012480253340179726
23,0.75,0.25,metaBRR (shared β0),20.77150797843933,0.14934100103280934,0.21229443040078247,,
24,0.75,0.0,BRR (pooled),2.5368199348449707,0.011113102055667798,0.023862636278255606,,
24,0.75,0.0,BRR (per cohort),5.267940282821655,0.20403091370910809,0.2885213322079038,,
24,0.75,0.0,metaBRR,20.948877096176147,0.205311085447232,0.2878765230906051,0.01209087373778758,0.0015475420860366293
24,0.75,0.0,metaBRR (shared β0),20.948877096176147,-7.417746339333231e-05,0.026748703963464297,,
1025,0.1,1.0,BRR (pooled),3.0610873699188232,0.02291955180652568,0.3058324196078164,,
1025,0.1,1.0,BRR (per cohort),7.953195095062256,-0.003534719903880749,0.033662778181593724,,
1025,0.1,1.0,metaBRR,13.290055513381958,0.022919083925763934,0.30583291213977815,1.0,0.0
1025,0.1,1.0,metaBRR (shared β0),13.290055513381958,0.022919083925763934,0.30583291213977815,,
1026,0.1,0.9,BRR (pooled),2.6489880084991455,0.020663566427563184,0.2785740515500883,,
1026,0.1,0.9,BRR (per cohort),5.606667995452881,-0.00242127171743986,0.04620240669028197,,
1026,0.1,0.9,metaBRR,13.00514841079712,0.020663663266396404,0.27857405234816174,1.0,0.0
1026,0.1,0.9,metaBRR (shared β0),13.00514841079712,0.020663663266396404,0.27857405234816174,,
1027,0.1,0.75,BRR (pooled),2.593991994857788,0.02042989453455249,0.2024601279900291,,
1027,0.1,0.75,BRR (per cohort),5.527537107467651,0.0005928914233077157,0.042659558509770316,,
1027,0.1,0.75,metaBRR,22.58802890777588,0.020490476950938186,0.19973850807270407,0.46057220791766484,3.9754093687908965e-05
1027,0.1,0.75,metaBRR (shared β0),22.58802890777588,0.019888102722565342,0.2031904274159947,,
1028,0.1,0.5,BRR (pooled),2.573122978210449,0.007856241597632244,0.11592617421043128,,
1028,0.1,0.5,BRR (per cohort),5.6285271644592285,-0.0008185092210930278,0.04561231087971396,,
1028,0.1,0.5,metaBRR,20.668452978134155,0.00940212056068209,0.1272474685359137,0.49555214613640686,2.903245957996966e-05
1028,0.1,0.5,metaBRR (shared β0),20.668452978134155,0.007982232042996196,0.11545279206915506,,
1029,0.1,0.25,BRR (pooled),2.786360502243042,0.0039036491826564637,0.03923342493327552,,
1029,0.1,0.25,BRR (per cohort),5.7620885372161865,0.002149741556522653,0.03283371630260184,,
1029,0.1,0.25,metaBRR,24.56514024734497,0.004887281120541913,0.04687627869565123,0.6091292976124215,1.0271885226885144e-05
1029,0.1,0.25,metaBRR (shared β0),24.56514024734497,0.003783616929980508,0.039150527234113434,,
1030,0.1,0.0,BRR (pooled),3.1010398864746094,-0.0036156199930301725,0.006805028933584337,,
1030,0.1,0.0,BRR (per cohort),5.649755001068115,0.0008773949106589962,0.03622134930735004,,
1030,0.1,0.0,metaBRR,25.03254985809326,0.0011930168024542793,0.036012264091154,0.05332816339042993,5.4331800095339996e-05
1030,0.1,0.0,metaBRR (shared β0),25.03254985809326,-0.003682987336024781,0.0065467845977709195,,
1031,0.25,1.0,BRR (pooled),2.541891574859619,0.1205811860852567,0.5759085176777111,,
1031,0.25,1.0,BRR (per cohort),5.561802387237549,0.011572384880267239,0.0898887158591626,,
1031,0.25,1.0,metaBRR,22.69628381729126,0.12076338686638484,0.5755370340993323,0.9189354574699099,1.3086919499906435e-05
1031,0.25,1.0,metaBRR (shared β0),22.69628381729126,0.1207059631760477,0.5759306078951568,,
1032,0.25,0.9,BRR (pooled),2.423170566558838,0.13389266665217558,0.5226497003213483,,
1032,0.25,0.9,BRR (per cohort),5.288851499557495,0.022404383576369053,0.11674003052895125,,
1032,0.25,0.9,metaBRR,23.759838581085205,0.1338265114601017,0.524444521123582,0.9136363820780028,1.482507075902538e-05
1032,0.25,0.9,metaBRR (shared β0),23.759838581085205,0.13392215513834801,0.522797115355388,,
1033,0.25,0.75,BRR (pooled),2.5348105430603027,0.09859507444488157,0.3917495329592988,,
1033,0.25,0.75,BRR (per cohort),5.305410861968994,0.031761642767951626,0.10906720175324651,,
1033,0.25,0.75,metaBRR,22.647685527801514,0.10447473466883221,0.3994216082886664,0.6485221060959653,8.151940292684818e-05
1033,0.25,0.75,metaBRR (shared β0),22.647685527801514,0.10046774962032523,0.3934806043363472,,
1034,0.25,0.5,BRR (pooled),2.590033769607544,0.05137416849576964,0.2364558574076349,,
1034,0.25,0.5,BRR (per cohort),5.431529998779297,0.019170614222150727,0.09913183551983445,,
1034,0.25,0.5,metaBRR,22.51353883743286,0.05877784155709332,0.26079545398755616,0.5402559804284329,6.741037394636242e-05
1034,0.25,0.5,metaBRR (shared β0),22.51353883743286,0.05179885162340777,0.23840020017931163,,
1035,0.25,0.25,BRR (pooled),2.5100178718566895,0.02141406537177029,0.09810098482444302,,
1035,0.25,0.25,BRR (per cohort),5.285123348236084,0.010342101700863665,0.09603917554359591,,
1035,0.25,0.25,metaBRR,22.529976844787598,0.02783818011298897,0.14405201374104473,0.24830848381153867,0.0001533869997076857
1035,0.25,0.25,metaBRR (shared β0),22.529976844787598,0.020509116613900914,0.09737994236497538,,
1036,0.25,0.0,BRR (pooled),2.884108543395996,-0.000283267730765054,0.012730179983187961,,
1036,0.25,0.0,BRR (per cohort),5.426547288894653,0.021910432250273903,0.09049559394696877,,
1036,0.25,0.0,metaBRR,21.719476461410522,0.02278279186078282,0.09083729624557389,0.01871563512902762,0.00016572408595517637
1036,0.25,0.0,metaBRR (shared β0),21.719476461410522,-0.0018551664825972776,0.014040176566848556,,
1037,0.5,1.0,BRR (pooled),2.5100176334381104,0.37867602779446324,0.7879491121132772,,
1037,0.5,1.0,BRR (per cohort),5.359319686889648,0.08454062690117015,0.19203120220423264,,
1037,0.5,1.0,metaBRR,22.690112113952637,0.37743532667170426,0.7864227957968696,0.9487199987933309,2.7055047256198728e-05
1037,0.5,1.0,metaBRR (shared β0),22.690112113952637,0.3786429865848753,0.7876254796272034,,
1038,0.5,0.9,BRR (pooled),2.381150722503662,0.338102294000274,0.6876338353105895,,
1038,0.5,0.9,BRR (per cohort),5.3405444622039795,0.07196867927484694,0.17351960048229917,,
1038,0.5,0.9,metaBRR,24.561888933181763,0.3388481468586901,0.6891650287512534,0.90800497570541,4.19272367572173e-05
1038,0.5,0.9,metaBRR (shared β0),24.561888933181763,0.3380686398681962,0.6873427466520833,,
1039,0.5,0.75,BRR (pooled),2.4820282459259033,0.2869671186714906,0.5786585491416355,,
1039,0.5,0.75,BRR (per cohort),5.3237621784210205,0.09375077796306454,0.20983524334954193,,
1039,0.5,0.75,metaBRR,23.616050004959106,0.29373686859833126,0.5972433842198478,0.7205500184906819,0.0001399324898473225
1039,0.5,0.75,metaBRR (shared β0),23.616050004959106,0.28863740787520004,0.5817593967663263,,
1040,0.5,0.5,BRR (pooled),2.400503158569336,0.15292890025898087,0.3343757402674989,,
1040,0.5,0.5,BRR (per cohort),5.351892471313477,0.09006375517819365,0.19287929714533028,,
1040,0.5,0.5,metaBRR,21.71472430229187,0.18659819183227003,0.3936687446299536,0.47960985284478536,0.00025074542549978154
1040,0.5,0.5,metaBRR (shared β0),21.71472430229187,0.15486303060210063,0.3416152593377526,,
1041,0.5,0.25,BRR (pooled),2.5227177143096924,0.06575347699945398,0.1438029340479474,,
1041,0.5,0.25,BRR (per cohort),5.504253625869751,0.09734020991473706,0.19016939928339086,,
1041,0.5,0.25,metaBRR,21.736796617507935,0.12472212566635017,0.25560842116866295,0.22852079329130964,0.0004413714017117035
1041,0.5,0.25,metaBRR (shared β0),21.736796617507935,0.06484070424042714,0.1493917634173391,,
1042,0.5,0.0,BRR (pooled),2.646019697189331,0.005683141430881167,0.02269770688963187,,
1042,0.5,0.0,BRR (per cohort),5.286272287368774,0.08173922585803378,0.1770656486450639,,
1042,0.5,0.0,metaBRR,22.95143961906433,0.08250033976946024,0.178087299590616,0.005827239850316334,0.0005111069357375744
1042,0.5,0.0,metaBRR (shared β0),22.95143961906433,-0.002759190247709329,0.024126312154669368,,
1043,0.75,1.0,BRR (pooled),2.404717206954956,0.679256094821354,0.9184978932572702,,
1043,0.75,1.0,BRR (per cohort),5.522189617156982,0.18459651115378897,0.257890978619216,,
1043,0.75,1.0,metaBRR,13.021085023880005,0.6792560945431125,0.9184978931089768,1.0,0.0
1043,0.75,1.0,metaBRR (shared β0),13.021085023880005,0.6792560945431125,0.9184978931089768,,
1044,0.75,0.9,BRR (pooled),2.3086907863616943,0.6147653054911842,0.812699227477146,,
1044,0.75,0.9,BRR (per cohort),5.23235821723938,0.21179410743694652,0.27671090729997094,,
1044,0.75,0.9,metaBRR,22.784805059432983,0.6218711527280116,0.8215867696656597,0.8944027364366528,0.00015949223544883457
1044,0.75,0.9,metaBRR (shared β0),22.784805059432983,0.6164517195263391,0.8154100940741956,,
1045,0.75,0.75,BRR (pooled),2.3043606281280518,0.4873000381693459,0.6576846091974867,,
1045,0.75,0.75,BRR (per cohort),5.281276226043701,0.20147336940831453,0.277457584724713,,
1045,0.75,0.75,metaBRR,22.724969387054443,0.5134687783722643,0.6917250697535655,0.7518370802148615,0.000357031576358215
1045,0.75,0.75,metaBRR (shared β0),22.724969387054443,0.4897542529661156,0.6610889036236371,,
1046,0.75,0.5,BRR (pooled),2.3100292682647705,0.30842868666370216,0.41371031207256587,,
1046,0.75,0.5,BRR (per cohort),5.2909626960754395,0.2010384645112191,0.278231262461174,,
1046,0.75,0.5,metaBRR,20.57016634941101,0.38431060924567273,0.5140689735100595,0.5024369946578515,0.0007543546371378908
1046,0.75,0.5,metaBRR (shared β0),20.57016634941101,0.3163603092801488,0.4268479301765149,,
1047,0.75,0.25,BRR (pooled),2.388439893722534,0.13359856896913994,0.1857997593462063,,
1047,0.75,0.25,BRR (per cohort),5.329522132873535,0.20874683564430266,0.2767009093957886,,
1047,0.75,0.25,metaBRR,20.66102433204651,0.27052927841744306,0.3597957616919339,0.2516149343585786,0.001242482360122529
1047,0.75,0.25,metaBRR (shared β0),20.66102433204651,0.13758993803168548,0.1975606615499431,,
1048,0.75,0.0,BRR (pooled),2.5159988403320312,0.011980724593226947,0.022819716994129113,,
1048,0.75,0.0,BRR (per cohort),5.382554292678833,0.213786029903528,0.29289443820753974,,
1048,0.75,0.0,metaBRR,21.6747829914093,0.21534718838847933,0.2937301785860295,0.00797282836025653,0.001636928373644051
1048,0.75,0.0,metaBRR (shared β0),21.6747829914093,0.00044382098261359454,0.022280309442650206,,
2049,0.1,1.0,BRR (pooled),2.511326551437378,0.032448018767091975,0.3421360605843465,,
2049,0.1,1.0,BRR (per cohort),5.644988059997559,0.0005975562932564552,0.0511823407111457,,
2049,0.1,1.0,metaBRR,12.86424994468689,0.032447612050299536,0.34213593272558,1.0,0.0
2049,0.1,1.0,metaBRR (shared β0),12.86424994468689,0.032447612050299536,0.34213593272558,,
2050,0.1,0.9,BRR (pooled),2.499133348464966,0.019429792964931136,0.2821980527514882,,
2050,0.1,0.9,BRR (per cohort),5.472785472869873,-0.0032149552502590086,0.044769157842815245,,
2050,0.1,0.9,metaBRR,22.44636583328247,0.020016678821933125,0.2822377705082379,0.7107820775922515,1.611804056387131e-05
2050,0.1,0.9,metaBRR (shared β0),22.44636583328247,0.01919172310568675,0.2822618583788357,,
2051,0.1,0.75,BRR (pooled),2.513760566711426,0.02166101953398013,0.21984369428777076,,
2051,0.1,0.75,BRR (per cohort),5.662921190261841,0.0016463043849390495,0.0506450878738649,,
2051,0.1,0.75,metaBRR,23.236217498779297,0.022093181436832116,0.2228061333117356,0.7624351277312561,1.2006626413790393e-05
2051,0.1,0.75,metaBRR (shared β0),23.236217498779297,0.02158506797282082,0.22010984886094379,,
2052,0.1,0.5,BRR (pooled),2.5481464862823486,0.01000207276702958,0.10556846803784709,,
2052,0.1,0.5,BRR (per cohort),5.763833999633789,-0.0017320655461812995,0.0410589026843901,,
2052,0.1,0.5,metaBRR,21.69972801208496,0.011585168163133958,0.11649485901461516,0.48740839338304875,2.8487923678005685e-05
2052,0.1,0.5,metaBRR (shared β0),21.69972801208496,0.00959542503109769,0.10558815742187853,,
2053,0.1,0.25,BRR (pooled),2.7062768936157227,-0.002041701979644548,0.05335853820219374,,
2053,0.1,0.25,BRR (per cohort),5.5574750900268555,-0.00022103588517899397,0.049933127440279244,,
2053,0.1,0.25,metaBRR,21.668576955795288,0.00013571173275460832,0.07537784250441258,0.3837691003358253,2.190151403386609e-05
2053,0.1,0.25,metaBRR (shared β0),21.668576955795288,-0.0019281771866528075,0.05344428007111884,,
2054,0.1,0.0,BRR (pooled),3.194812059402466,-0.0024786806108609005,0.008518938059007575,,
2054,0.1,0.0,BRR (per cohort),5.513202905654907,-0.0005432232540966605,0.039754001401014157,,
2054,0.1,0.0,metaBRR,24.55296492576599,0.00029037020219425486,0.040140232509407146,0.044961357361944135,4.700143958032417e-05
2054,0.1,0.0,metaBRR (shared β0),24.55296492576599,-0.002940677465300199,0.008628284042211146,,
2055,0.25,1.0,BRR (pooled),2.442509889602661,0.14347485973210114,0.5969046063129397,,
2055,0.25,1.0,BRR (per cohort),5.424269914627075,0.0072822171412305625,0.08681648315561623,,
2055,0.25,1.0,metaBRR,12.881724834442139,0.14347465680212862,0.5969044919331411,1.0,0.0
2055,0.25,1.0,metaBRR (shared β0),12.881724834442139,0.14347465680212862,0.5969044919331411,,
2056,0.25,0.9,BRR (pooled),2.5005745887756348,0.10255748160692046,0.4832600074695323,,
2056,0.25,0.9,BRR (per cohort),5.362083435058594,0.01315916444401292,0.09012105380889607,,
2056,0.25,0.9,metaBRR,24.372913599014282,0.10259505538387477,0.48397008332770736,0.9489510654042588,7.595341481665365e-06
2056,0.25,0.9,metaBRR (shared β0),24.372913599014282,0.10261622799146396,0.4831550732306251,,
2057,0.25,0.75,BRR (pooled),2.350900411605835,0.09161316449745109,0.3628927200813518,,
2057,0.25,0.75,BRR (per cohort),5.273724794387817,0.021407995032336175,0.09883549658348896,,
2057,0.25,0.75,metaBRR,22.45225954055786,0.09425812247220793,0.3724864303088318,0.6521377749833691,6.360434764732114e-05
2057,0.25,0.75,metaBRR (shared β0),22.45225954055786,0.09086978657175153,0.3627374116261173,,
2058,0.25,0.5,BRR (pooled),2.5079987049102783,0.05109174877246892,0.20965584231402423,,
2058,0.25,0.5,BRR (per cohort),5.315664768218994,0.014769733536942517,0.08716784726068418,,
2058,0.25,0.5,metaBRR,23.25926685333252,0.057638328616353235,0.23449062291889974,0.44650685352666053,0.00011134037866920167
2058,0.25,0.5,metaBRR (shared β0),23.25926685333252,0.052633344644889925,0.21412186006773393,,
2059,0.25,0.25,BRR (pooled),2.4360976219177246,0.017368555044593254,0.08786865839196562,,
2059,0.25,0.25,BRR (per cohort),5.458982706069946,0.022106748656959985,0.10186212030417979,,
2059,0.25,0.25,metaBRR,23.504290342330933,0.03526186476952629,0.14570306813214612,0.26698111707625,0.00014042414807047263
2059,0.25,0.25,metaBRR (shared β0),23.504290342330933,0.018296738677463315,0.08890828189202077,,
2060,0.25,0.0,BRR (pooled),2.7294838428497314,-0.0027996010595517837,0.01191224390394515,,
2060,0.25,0.0,BRR (per cohort),5.427779197692871,0.012220324904872515,0.09502711993901108,,
2060,0.25,0.0,metaBRR,22.6544771194458,0.016844324272018874,0.09522544239618858,0.02717666621419776,0.00014632227817521396
2060,0.25,0.0,metaBRR (shared β0),22.6544771194458,-0.004061988250794439,0.011929890576156427,,
2061,0.5,1.0,BRR (pooled),2.4049758911132812,0.3781068411266228,0.7939824061140884,,
2061,0.5,1.0,BRR (per cohort),5.321385145187378,0.07209366299145716,0.17327318783256906,,
2061,0.5,1.0,metaBRR,23.40826416015625,0.3770370441081847,0.79290342507062,0.9575283293541942,2.3650841688047376e-05
2061,0.5,1.0,metaBRR (shared β0),23.40826416015625,0.3780189860237915,0.7938494842091508,,
2062,0.5,0.9,BRR (pooled),2.4533047676086426,0.32479970288433774,0.6846243730302365,,
2062,0.5,0.9,BRR (per cohort),5.125976324081421,0.060029761115318464,0.15143578275261396,,
2062,0.5,0.9,metaBRR,22.298075437545776,0.3262153442265093,0.6872762804669881,0.9098060133543158,3.951926658641826e-05
2062,0.5,0.9,metaBRR (shared β0),22.298075437545776,0.325268922919998,0.6851421726389271,,
2063,0.5,0.75,BRR (pooled),2.2995493412017822,0.2792019761417517,0.5668851558233385,,
2063,0.5,0.75,BRR (per cohort),5.289043664932251,0.0858533833125088,0.19012778296055724,,
2063,0.5,0.75,metaBRR,21.313579320907593,0.28655257107596827,0.5825098754297172,0.7686884941629546,0.00011852631958655792
2063,0.5,0.75,metaBRR (shared β0),21.313579320907593,0.2802401709886444,0.5689778644146738,,
2064,0.5,0.5,BRR (pooled),2.376575469970703,0.17272993618338484,0.3474628268264093,,
2064,0.5,0.5,BRR (per cohort),5.133691787719727,0.09139358201565666,0.2093561888632133,,
2064,0.5,0.5,metaBRR,21.466737747192383,0.19894420637321927,0.4082950720044558,0.496822254905316,0.0002522884390776537
2064,0.5,0.5,metaBRR (shared β0),21.466737747192383,0.17216576401120665,0.34811489716571614,,
2065,0.5,0.25,BRR (pooled),2.3734941482543945,0.07772554635351268,0.15719580077824233,,
2065,0.5,0.25,BRR (per cohort),5.248425722122192,0.08122177548064541,0.17930590544515215,,
2065,0.5,0.25,metaBRR,22.4223313331604,0.12398900556542503,0.25567456627073587,0.24502491449431518,0.0003462702230527932
2065,0.5,0.25,metaBRR (shared β0),22.4223313331604,0.07302096489891287,0.15722934972241517,,
2066,0.5,0.0,BRR (pooled),2.560046911239624,0.004767914184372973,0.020778677536588065,,
2066,0.5,0.0,BRR (per cohort),5.268407344818115,0.09686807834587581,0.1980150785828051,,
2066,0.5,0.0,metaBRR,21.428651571273804,0.09628908774686136,0.19763628292249666,0.020303428592679848,0.0004704946686811093
2066,0.5,0.0,metaBRR (shared β0),21.428651571273804,0.00010788957001058493,0.02188623553533102,,
2067,0.75,1.0,BRR (pooled),2.2886953353881836,0.6917370646472966,0.9250532027163123,,
2067,0.75,1.0,BRR (per cohort),5.40918231010437,0.19759187105555728,0.2719591365399485,,
2067,0.75,1.0,metaBRR,23.492453813552856,0.6917000570753565,0.9250208961614076,0.9928147241421778,1.0957321722154594e-05
2067,0.75,1.0,metaBRR (shared β0),23.492453813552856,0.6917450497125913,0.9250932224960665,,
2068,0.75,0.9,BRR (pooled),2.3130199909210205,0.5884656486764812,0.8050177746592793,,
2068,0.75,0.9,BRR (per cohort),5.2016990184783936,0.20584692323485607,0.2891774509935979,,
2068,0.75,0.9,metaBRR,22.473265647888184,0.596331089236667,0.8156564958469024,0.8940315042599235,0.00015707895443815294
2068,0.75,0.9,metaBRR (shared β0),22.473265647888184,0.5893493149728105,0.8070004928030002,,
2069,0.75,0.75,BRR (pooled),2.429363489151001,0.4607213084750832,0.6338551170242653,,
2069,0.75,0.75,BRR (per cohort),5.306950569152832,0.19292464277721658,0.27479259508214166,,
2069,0.75,0.75,metaBRR,22.518762588500977,0.4908485132004497,0.6727354735591461,0.7519048349583732,0.00034032647965692
2069,0.75,0.75,metaBRR (shared β0),22.518762588500977,0.46535790463096244,0.6393848544215633,,
2070,0.75,0.5,BRR (pooled),2.2878782749176025,0.28623226762289894,0.38146744407239125,,
2070,0.75,0.5,BRR (per cohort),5.269611358642578,0.19655391165293867,0.2792460238461019,,
2070,0.75,0.5,metaBRR,20.38303256034851,0.35836232244653815,0.4828666310096241,0.49252551028599123,0.0008117277974883218
2070,0.75,0.5,metaBRR (shared β0),20.38303256034851,0.2938413746502461,0.3919649394444154,,
2071,0.75,0.25,BRR (pooled),2.348836660385132,0.12307381561107056,0.1747497513566666,,
2071,0.75,0.25,BRR (per cohort),5.532951831817627,0.18899436403292472,0.26899443087281677,,
2071,0.75,0.25,metaBRR,20.504961252212524,0.24923685744622623,0.3469664773915018,0.23719574319691422,0.0010786239361522227
2071,0.75,0.25,metaBRR (shared β0),20.504961252212524,0.1272458796557242,0.18726646535179328,,
2072,0.75,0.0,BRR (pooled),2.4787757396698,0.009158708986088587,0.024546179353968328,,
2072,0.75,0.0,BRR (per cohort),5.337533235549927,0.19176583086139068,0.276644485259326,,
2072,0.75,0.0,metaBRR,20.78156065940857,0.19404325697075206,0.2778525495800323,0.004302482832454532,0.0013199887951104588
2072,0.75,0.0,metaBRR (shared β0),20.78156065940857,-0.0024979440152029984,0.02765738627372527,,
